Trait 1,I am a traitI am a traitI am a traitI am a traitI am a traitI am a traitI am a traitI am a traitI am a trait
Trait 2,I am also a Trait
Trait 3,I am a trait
Trait 4,I am also a Trait
Trait 5,I am a trait
Trait 6,I am also a Trait
Trait 7,I am a trait
Trait 8,I am also a Trait
Trait 9,I am a trait
Trait 10,I am also a Trait
Trait 11,I am a trait
Trait 12,I am also a Trait
Trait 13,I am a trait
Trait 14,I am also a Trait
Trait 15,I am a trait
Trait 16,I am also a Trait
Trait 17,I am a trait
Trait 18,I am also a Trait
Trait 19,I am a trait
Trait 20,I am also a Trait